{
  "blocking": {
    "mean_tick_latency": 3.1629571798040326,
    "max_tick_latency": 7.507110118865967,
    "total_fallbacks": 0
  },
  "async": {
    "mean_tick_latency": 2.3425198277606176,
    "max_tick_latency": 12.669960975646973,
    "total_fallbacks": 52740
  }
}